{"currentFrameRate":43.8046,"devices":[],"gestures":[],"hands":[{"direction":[-0.725893,-0.493963,-0.478622],"id":887,"palmNormal":[-0.166244,-0.549232,0.818967],"palmPosition":[-67.0098,109.983,125.482],"palmVelocity":[-706.744,-25.3725,412.657],"r":[[0.802607,-0.228291,-0.551094],[-0.280824,0.670474,-0.686733],[0.52627,0.705937,0.474018]],"s":1.04086,"sphereCenter":[-84.8284,70.775,167.204],"sphereRadius":54.236,"stabilizedPalmPosition":[-40.6463,110.385,100.931],"t":[-98.2166,34.32,35.5852],"timeVisible":1.20672}],"id":825409,"interactionBox":{"center":[0,200,0],"size":[235.247,235.247,147.751]},"pointables":[{"direction":[-0.922168,-0.36382,-0.131304],"handId":887,"id":8870,"length":48.1671,"stabilizedTipPosition":[-96.8822,98.5424,95.8049],"timeVisible":1.20672,"tipPosition":[-129.629,114.11,149.065],"tipVelocity":[-630.01,345.324,1077.91],"tool":false,"touchDistance":1,"touchZone":"none","width":18.7155},{"direction":[-0.504316,-0.723965,0.47068],"handId":887,"id":8873,"length":59.5462,"stabilizedTipPosition":[-61.5712,33.5583,88.2546],"timeVisible":1.20672,"tipPosition":[-107.815,32.8258,142.577],"tipVelocity":[-1111.95,115.322,1133.49],"tool":false,"touchDistance":0.377872,"touchZone":"none","width":16.7072}],"r":[[0.802607,-0.228291,-0.551094],[-0.280824,0.670474,-0.686733],[0.52627,0.705937,0.474018]],"s":1.04086,"t":[-98.2166,34.32,35.5852],"timestamp":101239935570}1926}1239889270}0}818942,"tipPosition":[19.3891,60.0808,-30.8707],"tipVelocity":[-309.407,-872.86,561.057],"tool":false,"touchDistance":0.333333,"touchZone":"hovering","width":14.8406}],"r":[[0.951169,0.181153,-0.249921],[-0.185913,0.982555,0.00463397],[0.246401,0.0420561,0.968255]],"s":0.8784,"t":[-46.4598,20.9842,-60.2409],"timestamp":101239547796}}}"hovering","width":17.5576}],"r":[[0.993855,0.0891058,0.0656759],[-0.0875373,0.995812,-0.0263908],[-0.0677524,0.0204795,0.997492]],"s":0.721987,"t":[-42.4331,33.3203,-56.8817],"timestamp":101239275964}.996158,-0.0551644],[-0.147794,0.0446219,0.988011]],"s":0.6748,"t":[-38.691,34.0965,-55.5646],"timestamp":101239251751}.958],"tool":false,"touchDistance":1,"touchZone":"none","width":14.8406}],"r":[[0.987507,-0.0428583,-0.151632],[0.0584135,0.993305,0.0996649],[0.146345,-0.107277,0.9834]],"s":1.01667,"t":[-32.5227,23.4583,-2.74588],"timestamp":101238820967}97937}